{
  "name" : "job-1575389751981",
  "sourceOrgId" : "5Yg7jlWxU46jbQLX3VaL07",
  "sourceOrgName" : "Miracle Software Systems Inc",
  "exportedObjects" : [ {
    "objectGuid" : "6UmhGVc0NktdFd4NGbDjef",
    "objectName" : "CalculatorSVC",
    "objectType" : "AI_SERVICE_CONNECTOR",
    "path" : "/Explore/test",
    "metadata" : {
      "modelVersion" : {
        "major" : 1,
        "minor" : 0
      },
      "repoInfo" : {
        "repoHandle" : "gq695kchzt1Y6tM-gt-4267887-2019-11-18T19:24:11.1Z::svc.xml"
      },
      "objectRefs" : [ ],
      "contextAttributes" : null,
      "additionalInfo" : {
        "description" : "",
        "contentType" : null,
        "documentState" : "VALID"
      }
    }
  }, {
    "objectGuid" : "8S9jXtVkz4XjgDMX54e7up",
    "objectName" : "Calculator",
    "objectType" : "PROCESS",
    "path" : "/Explore/test",
    "metadata" : {
      "modelVersion" : {
        "major" : 1,
        "minor" : 0
      },
      "repoInfo" : {
        "repoHandle" : "zE9cjIw8jIw8jIw-gt-4282096-2019-11-18T19:24:11.406Z::pd.xml"
      },
      "objectRefs" : [ "2GTNMB3BZLRjsAlAvvZRkG" ],
      "contextAttributes" : null,
      "additionalInfo" : {
        "description" : "",
        "contentType" : null,
        "documentState" : "VALID"
      }
    }
  }, {
    "objectGuid" : "8mQbFaWoBq6ekAbTn7hZo1",
    "objectName" : "test",
    "objectType" : "Project",
    "path" : "/Explore",
    "metadata" : {
      "modelVersion" : {
        "major" : 0,
        "minor" : 0
      },
      "repoInfo" : null,
      "objectRefs" : [ ],
      "contextAttributes" : [ ],
      "additionalInfo" : {
        "description" : "",
        "contentType" : "Binary",
        "documentState" : "COMPLETE"
      }
    }
  }, {
    "objectGuid" : "2GTNMB3BZLRjsAlAvvZRkG",
    "objectName" : "CalculatorConn",
    "objectType" : "AI_CONNECTION",
    "path" : "/Explore/test",
    "metadata" : {
      "modelVersion" : {
        "major" : 1,
        "minor" : 0
      },
      "repoInfo" : {
        "repoHandle" : "ptM9hOznKKvvNtL-gt-4267900-2019-11-18T19:24:11.251Z::conn.xml"
      },
      "objectRefs" : [ "6UmhGVc0NktdFd4NGbDjef" ],
      "contextAttributes" : null,
      "additionalInfo" : {
        "description" : "Use the Add, Subtract, Multiply, and Divide Actions provided by the Calculator service.",
        "contentType" : null,
        "documentState" : "VALID"
      }
    }
  } ]
}